Extrinsic ID,Block,Block Timestamp,From,To,Value,Result,Hash
3174545-0,3174545,2023-07-27 14:19:02,4jbtsgNbPvoAUPzyFk1ovpWJK8ZMuuRZBR8QVaicqZQnfUrr,4hdZCDGEj9RqVSSTqhYYWicuaUzCheeogUJvz8Ko6nSqyknt,0.00014313513,TRUE,0x4c135ddae917e9f8dfe1ca3171a99a78a83c0c74850c6dfa156cb5cbeb40fcfc
3174544-0,3174544,2023-07-27 14:18:48,4jbtsgNbPvoAUPzyFk1ovpWJK8ZMuuRZBR8QVaicqZQnfUrr,4n4fXWiz5Vv9fTSGX1RXhJ7oesQkPaE8eyw4GXafYn7mhTR1,0.00028627026,TRUE,0x3565d19dd94069f255a87d87b169c91c29cf37a4c95f05277c29f3312f2569b5
3174543-0,3174543,2023-07-27 14:18:36,4jbtsgNbPvoAUPzyFk1ovpWJK8ZMuuRZBR8QVaicqZQnfUrr,4mZvXfESP9MeebPZJTxvUmXtxr7t6fsREzFhH5jnQsJNwg9g,0.00057254052,TRUE,0x5d42cd9b8ee30447a01c6a9f7d19ab731b653de4418fc0dc5e1c86a9922c3640
3174542-0,3174542,2023-07-27 14:18:24,4jbtsgNbPvoAUPzyFk1ovpWJK8ZMuuRZBR8QVaicqZQnfUrr,4mDWqs7x6KM77Cec1rn228UhtXxKMduwtqemqaVrTVGEcaP5,0.00114508103,TRUE,0xdf8c880ed332a96d4b8485b34a438dd883e5b3880d15706512fa5b2327ca892a
3174541-2,3174541,2023-07-27 14:18:12,4jro8aS5ChWKooJbc7EydyuReUUHM3m4JKGskxegc49sBEVq,4kBGhqF8gZ1WPStxZDkRGvP5QBCBxTSuS6LsY4k3agVKyeqs,5,TRUE,0x422fe9a26b18d164a65a2ab33a9ae0f68092e7db003dea153c44dec41943f881
3174541-0,3174541,2023-07-27 14:18:12,4jbtsgNbPvoAUPzyFk1ovpWJK8ZMuuRZBR8QVaicqZQnfUrr,4kaLZH5ASwCdVrR5pWp5JRWHLV5rL3FrRJdFo85Qsk8ybkqG,0.00088123407,TRUE,0xbccf8f550e9af77975ac97e51eb7d589675162d0a3ec63f509b81e10074a62ab
3174540-2,3174540,2023-07-27 14:18:00,4mhNUmxC7UjuCwbAwoRh1AS4VkctfSge65GK312LmAix5i3a,4jfiTTmwa6W6sgwAh9S9zFSyabFcy8Jx2Hfmh4E76CsiMUYq,50,TRUE,0x4cb1f4d7426c495a20c9df6f1fc3ee82c1619831fee3a7a432063d2946b520e4
3174540-0,3174540,2023-07-27 14:18:00,4jbtsgNbPvoAUPzyFk1ovpWJK8ZMuuRZBR8QVaicqZQnfUrr,4hdZCDGEj9RqVSSTqhYYWicuaUzCheeogUJvz8Ko6nSqyknt,0.00035274013,TRUE,0x811d50b3e97b617127e2e16f97ad0dc745f03399e3ac733b75df91a089704ba9
3174539-0,3174539,2023-07-27 14:17:48,4jbtsgNbPvoAUPzyFk1ovpWJK8ZMuuRZBR8QVaicqZQnfUrr,4n4fXWiz5Vv9fTSGX1RXhJ7oesQkPaE8eyw4GXafYn7mhTR1,0.00070548027,TRUE,0x061f6c86a81dd66b3fe93ea4a07b19e4d590d4793bda9fc6cfd819c992a41abd
3174538-2,3174538,2023-07-27 14:17:36,4jakrn3jEwLSau7gAkgaZ3Rkp1hYp6mQxXw8y8oHrnmCSk66,4juRJsJZD6MBz9v4ZjZVX8EnyZp7iQqUQKUrGsHYUDvJcZcX,56.91,TRUE,0x069099263205ade775ba7369ebdb1f3c5923d5856fedd327a39ce7cc1a463d85
3174538-0,3174538,2023-07-27 14:17:36,4jbtsgNbPvoAUPzyFk1ovpWJK8ZMuuRZBR8QVaicqZQnfUrr,4mZvXfESP9MeebPZJTxvUmXtxr7t6fsREzFhH5jnQsJNwg9g,0.00000043254,TRUE,0x149a6c6668ef98169e4d907ff9f1e52e711f9b22d738faa44599ad684c725d8d
3174537-0,3174537,2023-07-27 14:17:24,4jbtsgNbPvoAUPzyFk1ovpWJK8ZMuuRZBR8QVaicqZQnfUrr,4mDWqs7x6KM77Cec1rn228UhtXxKMduwtqemqaVrTVGEcaP5,0.00000086507,TRUE,0x81ce44197ebe24d7415da0ffef4d9d6f570b2e2c481aec71e737b8597bd3ff8e
3174536-0,3174536,2023-07-27 14:17:12,4jbtsgNbPvoAUPzyFk1ovpWJK8ZMuuRZBR8QVaicqZQnfUrr,4kaLZH5ASwCdVrR5pWp5JRWHLV5rL3FrRJdFo85Qsk8ybkqG,0.00000173015,TRUE,0xf89fa62276b0d7de086e614a1dc12df5ec1e6407c2af7e2a12488c08cdcb7bb5
3174535-0,3174535,2023-07-27 14:17:00,4jbtsgNbPvoAUPzyFk1ovpWJK8ZMuuRZBR8QVaicqZQnfUrr,4hdZCDGEj9RqVSSTqhYYWicuaUzCheeogUJvz8Ko6nSqyknt,0.0000034603,TRUE,0x9958ae38470e81bdc572c3f3e508d65147784dc821373e85acc6edb169e37dfb
3174534-0,3174534,2023-07-27 14:16:48,4jbtsgNbPvoAUPzyFk1ovpWJK8ZMuuRZBR8QVaicqZQnfUrr,4n4fXWiz5Vv9fTSGX1RXhJ7oesQkPaE8eyw4GXafYn7mhTR1,0.00000692059,TRUE,0x3989ad5a00e8d7f6e49d39c056d1a46b8bd4eacb6a9cb662dfe9078c9a96178e
3174533-0,3174533,2023-07-27 14:16:36,4jbtsgNbPvoAUPzyFk1ovpWJK8ZMuuRZBR8QVaicqZQnfUrr,4mZvXfESP9MeebPZJTxvUmXtxr7t6fsREzFhH5jnQsJNwg9g,0.00001384119,TRUE,0x3556351c662e57ca0aa02d9cd323c79343d943911472f28ff168f5e816b531a7
3174532-0,3174532,2023-07-27 14:16:24,4jbtsgNbPvoAUPzyFk1ovpWJK8ZMuuRZBR8QVaicqZQnfUrr,4mDWqs7x6KM77Cec1rn228UhtXxKMduwtqemqaVrTVGEcaP5,0.00002768237,TRUE,0x502bd585e2ae7fd1690c67b399b6b3379c88d247d95a7f20823b97fcb65d1ac6
3174531-0,3174531,2023-07-27 14:16:12,4jbtsgNbPvoAUPzyFk1ovpWJK8ZMuuRZBR8QVaicqZQnfUrr,4kaLZH5ASwCdVrR5pWp5JRWHLV5rL3FrRJdFo85Qsk8ybkqG,0.00005536474,TRUE,0x0ec554609ed2aa045d4bf07fb4d7362d37ba29f00f3ae8625155664e6e32196b
3174530-0,3174530,2023-07-27 14:16:00,4jbtsgNbPvoAUPzyFk1ovpWJK8ZMuuRZBR8QVaicqZQnfUrr,4hdZCDGEj9RqVSSTqhYYWicuaUzCheeogUJvz8Ko6nSqyknt,0.00011072949,TRUE,0xedc731e11abe724fa494a469a022ea7e1004007ca91aa870fbab8965fd72c59f
3174529-0,3174529,2023-07-27 14:15:48,4jbtsgNbPvoAUPzyFk1ovpWJK8ZMuuRZBR8QVaicqZQnfUrr,4n4fXWiz5Vv9fTSGX1RXhJ7oesQkPaE8eyw4GXafYn7mhTR1,0.00022145898,TRUE,0x54c645ca6794cee8451a2b4d6fda4397e82c4f759d3dfc0a429b446dc82a8272
3174528-0,3174528,2023-07-27 14:15:36,4jbtsgNbPvoAUPzyFk1ovpWJK8ZMuuRZBR8QVaicqZQnfUrr,4mZvXfESP9MeebPZJTxvUmXtxr7t6fsREzFhH5jnQsJNwg9g,0.00044291795,TRUE,0xc985e41a865c7d713f504e5e4c00a082a5f7d9d1b7a1504e95e8c5d61d1c0b42
3174527-0,3174527,2023-07-27 14:15:24,4jbtsgNbPvoAUPzyFk1ovpWJK8ZMuuRZBR8QVaicqZQnfUrr,4mDWqs7x6KM77Cec1rn228UhtXxKMduwtqemqaVrTVGEcaP5,0.0008858359,TRUE,0xe09a917ea8a9b547271c4a58c65f31d72949417e6f5a81a587fb08b73c7eaf3e
3174526-0,3174526,2023-07-27 14:15:12,4jbtsgNbPvoAUPzyFk1ovpWJK8ZMuuRZBR8QVaicqZQnfUrr,4kaLZH5ASwCdVrR5pWp5JRWHLV5rL3FrRJdFo85Qsk8ybkqG,0.0017716718,TRUE,0xb8e0af875df2c36a30c2849bd84900e318cb3a51926f450982c49be0f24b4c11
3174525-3,3174525,2023-07-27 14:15:00,4iiDb1tTPk89NjSnwkMSV32Fzieb33X58AyLN9peGYKsLrQu,4jiAnda1DjYvNz83Eubnbjo5bfSt3vsM2EDxuTX9ZkDvSdUn,157.46,TRUE,0xca8c2d82bed7bdd00c179aef080608c0fc5e4cbaa34967f9a06b1f807b3ea5f9
3174525-2,3174525,2023-07-27 14:15:00,4jkWUaSuNnnQLKi9bETJpiR2wckE27iA1JtYbfZQHFRnqYqX,4nWbknPMKz59ZHHxNeENV1mNUGWnbdcVLDTFv8Ft5B8M7saa,3.1982368,TRUE,0x6a0cc1344c925b17dc4f2fa6bc4843ae6c520ed0b56badd7276185a710a2d598